name	description	tags	web	source	registered	owner
knowbooks	Books you do with your hands.	featured science	https://knowbooks.com	https://github.com/breck7/knowbooks.com	9/17/2026	breck@knowbooks.com
simoji	Write simulations using emojis.	featured game science	https://simoji.breck.lol	https://github.com/breck7/simoji	11/26/2024	breck7@gmail.com
wifinder	WiFinder: find great wifi near you	maps featured	https://wifinder.breck.lol	https://github.com/breck7/wifinder	10/02/2024	breck7@gmail.com
pldb	A Programming Language DataBase	programming knowledgeBase programmingLanguages featured	https://pldb.io	https://github.com/breck7/pldb	6/12/2024	breck7@gmail.com
breck	Breck's Blog	personalHomepage blog featured	https://breck.lol	https://github.com/breck7/breck.lol	6/12/2024	breck7@gmail.com
scroll	A language for scientists of all ages	projectHomepage programming programmingLanguages featured	https://scroll.surf	https://github.com/breck7/scroll	6/12/2024	breck7@gmail.com
busam	Backup Sam Altman	projectHomepage featured	https://busam.breck.lol/	https://github.com/breck7/busam	10/1/2026	breck7@gmail.com
bupaul	Backup Paul Graham	projectHomepage featured	https://bupaul.breck.lol/	https://github.com/breck7/bupaul	10/1/2026	breck7@gmail.com
bupatrick	Backup Patrick Collison	projectHomepage featured	https://bupatrick.breck.lol/	https://github.com/breck7/bupatrick	10/1/2026	breck7@gmail.com
budario	Backup Dario Amodei	projectHomepage featured	https://budario.breck.lol/	https://github.com/breck7/budario	10/1/2026	breck7@gmail.com